﻿Designator,Footprint,Quantity,Value,LCSC Part #
"3.3V1, BATT1, GND1, MCU_RX1, MCU_TX1, RESET1",TestPoint_Pad_D1.5mm,6,TestPoint,
"C1, C4",0603,2,4.7uF,
"C10, C11, C13, C2, C3, C5",0603,6,0.1uF,
"C12, C9",0603,2,1uF,
C14,0603,1,100nF 16V X7R,
C15,CP_Radial_D13.0mm_P5.00mm,1,FYD0H104ZF,
"C16, C17",0805,2,10uF,
"C6, C8",0603,2,12pF,
C7,0603,1,10nF,
"D1, D2, D8",0603,3,Green LED,
D3,SOT-23,1,NUP2105L,
D4,SOT-23,1,BAT54A,
D5,D_SOD-923,1,ESD9R3.3ST5G,
D6,D_TUMD2,1,RSX051VYM30FHTR,
D7,D_SMA,1,P4SMAJ28CA-AQ,
J1,ATF13-4P-BM13_AMP,1,Conn_01x04,
J2,Tag-Connect_TC2030-IDC-NL_2x03_P1.27mm_Vertical,1,TC2030,
J3,SAMTEC_SMA-J-P-X-RA-TH1,1,SMA-J-P-X-RA-TH1,
JP1,SolderJumper-3_P1.3mm_Open_RoundedPad1.0x1.5mm,1,Jumper_3_Open,
JP2,SolderJumper-2_P1.3mm_Bridged_RoundedPad1.0x1.5mm,1,Jumper_2_Bridged,
L1,0402,1,LQG15HN27NJ02D,
"R1, R2",0603,2,22,
"R3, R4, R7",0603,3,1k,
R5,1206,1,22 1/2 W 1206,
R6,0603,1,470,
TP1,TestPoint_Pad_D1.5mm,1,CAN_TX,
TP2,TestPoint_Pad_D1.5mm,1,CAN_RX,
U1,QFN-32-1EP_5x5mm_P0.5mm_EP3.45x3.45mm,1,STM32F042K6Ux,
U2,SOIC-8_3.9x4.9mm_P1.27mm,1,TCAN3403DRQ1,
U3,XCVR_NEO-M9V-20B,1,NEO-M9V-20B,
U4,Converter_DCDC_RECOM_R-78E-0.5_THT,1,R-78E3.3-0.5,
Y1,Crystal_SMD_2520-4Pin_2.5x2.0mm,1,ECS-160-10-36Q-AES-TR,
